id;name;create_on;updated_on
1;Mouse;2021-08-15T23:12:24;2021-08-15T22:52:28
2;copying structure;2021-08-16T03:09:04;2021-08-16T12:35:45
3;system-worthy grey;2021-08-16T18:35:45;2021-08-16T13:43:29
4;Maine Mozambique olive;2021-08-15T22:02:46;2021-08-16T03:19:56
5;Refined Account;2021-08-16T19:01:09;2021-08-16T18:05:03
6;Avon;2021-08-16T08:07:51;2021-08-16T06:23:55
7;Small;2021-08-16T13:16:52;2021-08-16T03:39:24
8;Dollar withdrawal purple;2021-08-16T10:13:25;2021-08-16T21:22:22
9;Facilitator;2021-08-16T03:03:18;2021-08-16T10:50:52
10;Rand;2021-08-16T07:03:31;2021-08-16T00:07:55
